,count,unique,top,freq,mean,std,min,25%,50%,75%,max
age,48842.0,,,,38.64358543876172,13.710509934443557,17.0,28.0,37.0,48.0,90.0
workclass,48842,9,Private,33906,,,,,,,
fnlwgt,48842.0,,,,189664.13459727284,105604.02542315728,12285.0,117550.5,178144.5,237642.0,1490400.0
education,48842,16,HS-grad,15784,,,,,,,
education-num,48842.0,,,,10.078088530363212,2.5709727555922566,1.0,9.0,10.0,12.0,16.0
marital-status,48842,7,Married-civ-spouse,22379,,,,,,,
occupation,48842,15,Prof-specialty,6172,,,,,,,
relationship,48842,6,Husband,19716,,,,,,,
race,48842,5,White,41762,,,,,,,
sex,48842,2,Male,32650,,,,,,,
capital-gain,48842.0,,,,1079.0676262233324,7452.019057655394,0.0,0.0,0.0,0.0,99999.0
capital-loss,48842.0,,,,87.50231358257237,403.004552124359,0.0,0.0,0.0,0.0,4356.0
hours-per-week,48842.0,,,,40.422382375824085,12.391444024252307,1.0,40.0,40.0,45.0,99.0
native-country,48842,42,United-States,43832,,,,,,,
income,48842.0,,,,0.23928176569346055,0.4266494219026857,0.0,0.0,0.0,0.0,1.0
